,5,6,7
0,2400.8492799999995,4830.621277,1431.828
1,1556.7752799999998,959.40928,1598.3259999999998
2,2341.25128,3226.9052799999995,1769.288
3,2313.5312799999997,7319.76328,1431.86
4,1803.4832769999998,1716.16528,1895.128
5,3678.8552769999997,5410.197277,1572.2479999999998
6,2696.0672799999998,7178.505276999999,1261.4299999999998
7,1804.9832769999998,901.19728,1480.116
8,2808.3332799999994,5605.395277,1296.34
9,2395.3052799999996,4830.50728,1599.0219999999997
10,3055.155277,6316.07128,1700.772
11,2661.531277,5598.12328,1541.8839999999998
12,1444.6232799999998,1807.9832769999998,1925.1219999999998
13,3013.461277,6332.93128,1664.1019999999999
14,2901.081277,3114.753277,1904.0379999999998
15,3292.1612769999997,5486.427277,1470.768
16,2912.3972769999996,3114.753277,1656.56
17,2891.4932799999997,3929.7212769999996,1674.5059999999999
18,2657.373277,7197.795279999999,1101.366
19,2199.8792799999997,4859.3852799999995,1310.154
20,2886.063277,3106.3232799999996,1662.3619999999999
21,2556.08128,2350.7252799999997,1395.176
22,1736.95528,4166.727277,1740.388
23,2492.439277,7265.8232769999995,1252.7379999999998
24,3590.151277,6234.52528,1621.0359999999998
25,2475.807277,4813.64728,1431.822
26,1908.8192799999997,1699.5332799999999,1817.86
27,3161.877277,4670.88928,1848.11
28,2396.805277,4829.12128,1472.3639999999998
29,1218.9332799999997,1857.53728,1546.492
30,1902.2312799999997,4144.665277,1753.2079999999999
31,3499.9472769999998,7066.125279999999,1682.6699999999998
32,3312.8372769999996,4661.529277,1545.222
33,2223.555277,6473.259277,1474.7019999999998
34,2906.8532769999997,3120.297277,1638.616
35,1131.38728,1054.81528,1597.7179999999998
36,3103.665277,6312.14128,1752.994
37,2346.79528,7336.39528,1340.546
38,2985.8552769999997,6267.78928,1629.5539999999999
39,2812.4912799999997,4772.637277,1572.674
40,2858.2292799999996,5548.45528,1717.624
41,3217.3172769999996,5493.01528,1462.884
42,1570.749277,2576.87128,1408.47
43,2981.6972769999998,4727.127277,1698.164
44,1968.303277,4109.78728,1417.854
45,1746.999277,4170.77128,1599.08
46,1290.66328,1014.8492799999999,1595.186
47,2694.7952769999997,2324.6192799999994,1713.662
48,1850.60728,895.65328,1690.192
49,2783.499277,4761.20728,1647.5199999999998
50,2463.21928,4016.9252799999995,1294.108
51,2678.163277,4797.24328,1252.882
52,2755.893277,4771.023277,1698.894
53,1651.13728,2565.7832799999996,1693.524
54,1764.6752769999998,3353.145277,1331.318
55,1953.1712799999998,4915.167277,1705.2759999999998
56,1904.775277,1688.2172799999998,1430.29
57,2617.179277,5607.009277,1478.2559999999999
58,2926.4852769999998,4717.197277,1739.062
59,1472.343277,981.6992769999999,1650.9299999999998
60,2073.867277,4097.08528,1847.474
61,3470.9552769999996,5450.04928,1537.6819999999998
62,2077.91128,1658.0672769999999,1800.168
63,3509.6492769999995,7056.42328,1753.3719999999998
64,2545.1072769999996,4807.059276999999,1800.062
65,2134.8512769999998,4075.1372799999995,1807.5379999999998
66,1721.8232769999997,1722.86728,1480.1719999999998
67,2642.127277,6418.86328,1657.896
68,2579.64328,6436.88128,1733.2179999999998
69,1881.09928,3318.3812799999996,1333.676
70,3113.25328,4713.039277,1398.156
71,2147.325277,4082.4092769999997,1908.6499999999999
72,1591.42528,1771.9472769999998,1496.4699999999998
73,3569.2472799999996,7049.607277,1459.512
74,2479.965277,1570.63528,1829.2759999999998
75,1867.239277,4925.91328,1686.5339999999999
76,2446.701277,2386.7612799999997,1867.5059999999999
77,1982.391277,1678.74328,1599.3139999999999
78,2432.841277,5627.45728,1636.704
79,2100.201277,4869.31528,1786.0499999999997
80,2349.5672799999998,4821.73528,1865.2499999999998
81,3583.1072799999997,7048.221277,1593.8719999999998
82,1233.951277,1851.99328,1462.142
83,2570.055277,5606.66728,1657.4479999999999
84,2269.2932769999998,4848.52528,1741.482
85,2845.86928,7161.759279999999,1724.2819999999997
86,1712.1212799999998,4954.203277,1139.104
87,2032.1732769999999,4083.5672769999996,1266.06
88,2927.64328,6281.64928,1274.138
89,3337.899277,7088.30128,1579.4139999999998
90,1826.931277,4929.84328,1428.5459999999998
91,2222.0552799999996,3243.651277,1691.368
92,1939.4252769999998,4912.28128,1497.2939999999999
93,2850.0272769999997,7106.433277,1263.396
94,3161.7632799999997,4676.66128,1570.042
95,3547.1852769999996,7057.8092799999995,1599.5059999999999
96,2455.017277,4819.761277,1422.706
97,2626.7672799999996,3164.5352799999996,1655.356
98,2485.3952799999997,4015.5392799999995,1846.0959999999998
99,2413.4372799999996,4841.709277,1337.002
100,2237.3012799999997,1621.6892799999998,1745.8519999999999
101,1283.73328,1835.3612799999999,1388.77
102,3454.3232769999995,4618.44928,1693.7679999999998
103,3366.8912799999994,6272.061277,1857.4199999999998
104,1519.4672799999998,2603.319277,1534.654
105,1936.7672799999998,860.54728,1835.7019999999998
106,1445.8952799999997,2625.495277,1805.7339999999997
107,3041.18128,6316.29928,1408.3059999999998
108,3594.1952799999995,5398.31128,1695.1519999999998
109,1961.6012769999998,4894.03528,1296.9959999999999
110,2384.331277,5649.7472769999995,1566.9879999999998
111,1724.5952799999998,4154.253277,1407.222
112,1707.9632769999998,935.961277,1651.0539999999999
113,2310.8732769999997,2435.613277,1914.944
114,3512.535277,5440.461276999999,1757.59
115,2026.7432769999998,6517.383277,1525.33
116,3372.4352769999996,4630.92328,1655.4299999999998
117,1699.6472769999998,923.14528,1757.1039999999998
118,2797.359277,3134.0432799999994,1599.5359999999998
119,1716.2792769999999,4954.203277,1316.138
120,2004.4532799999997,1668.8132799999998,1621.118
121,1741.1132799999998,2530.9052799999995,1377.252
122,1282.34728,1028.70928,1517.744
123,1393.3412769999998,1000.98928,1631.4019999999998
124,1465.4132769999999,2611.5212799999995,1607.5699999999997
125,2391.261277,1567.86328,1479.5339999999999
126,2105.6312799999996,4076.637277,1512.3039999999999
127,2387.103277,7296.315277,1517.156
128,2150.09728,3265.7132799999995,1432.7659999999998
129,3279.573277,4637.62528,1655.9759999999999
130,2527.0892769999996,5627.571277,1761.906
131,1904.6612799999998,4116.71728,1251.578
132,1573.5212769999998,3450.165277,1247.2179999999998
133,2517.38728,5624.68528,1675.322
134,1585.653277,951.0932799999999,1615.5559999999998
135,1518.19528,960.7952799999999,1966.9599999999998
136,1362.849277,2632.425277,1560.9619999999998
137,2916.555277,4724.9432799999995,1611.8039999999999
138,2522.8172769999996,7246.0772799999995,1276.172
139,2112.675277,1656.681277,1952.244
140,3196.52728,6302.32528,1726.764
141,2345.40928,6459.1712769999995,1577.264
142,2349.6812769999997,6460.557277,1518.296
143,2625.495277,7222.857277,1167.6
144,1387.797277,2637.969277,1558.792
145,2100.2012799999998,3275.4152799999997,1795.57
146,2459.06128,4016.9252799999995,1663.4159999999997
147,3009.3032799999996,3086.9192799999996,1638.84
148,2534.019277,4789.85728,1585.0639999999999
149,2436.88528,3208.8872799999995,1521.8539999999998
150,3108.8672799999995,5519.463277,1319.248
151,3143.745277,4683.59128,1557.0099999999998
152,2672.391277,3973.9592799999996,1608.234
153,2730.831277,2339.979277,1979.3959999999997
154,2646.2852769999995,4798.971277,1676.946
155,2718.2432799999997,6398.07328,1639.4199999999998
156,3110.4812799999995,6327.7292769999995,1892.384
157,2496.597277,4832.235277,1553.9699999999998
158,2721.0152799999996,2323.00528,1830.0759999999998
159,3088.3052769999995,5529.165277,1383.4
160,2526.975277,2385.60328,2016.6239999999998
161,2840.3252799999996,4747.11928,1456.732
162,2777.8412799999996,7132.6532799999995,1158.982
163,1778.6492769999998,4940.0012799999995,1591.732
164,3567.7472769999995,7045.449277,1487.0539999999999
165,1947.62728,6502.023279999999,1160.922
166,2097.4292769999997,2469.105277,1480.9199999999998
167,1950.51328,2496.2552799999994,1873.8039999999999
168,1343.331277,1825.6592799999999,1559.5819999999999
169,1867.353277,4941.501276999999,1625.802
170,1680.24328,1747.9292799999998,1565.154
171,2862.501277,6335.47528,1572.868
172,2737.761277,7163.14528,1474.2579999999998
173,1883.7572769999997,3330.9692769999997,1419.3819999999998
174,1950.3992799999999,4888.26328,1553.312
175,2298.171277,3254.739277,1851.556
176,3149.403277,7152.05728,1503.8079999999998
177,3537.3692799999994,4607.475277,1651.1499999999999
178,1382.2532769999998,1814.57128,1468.2419999999997
179,2540.9492769999997,4813.64728,1567.5359999999998
180,1899.2312769999999,874.40728,1727.8679999999997
181,3418.287277,5433.18928,1546.3519999999999
182,3132.771277,5518.077276999999,1474.09
183,2826.3512769999998,5583.10528,1488.426
184,3001.1012769999998,4726.55728,1445.2459999999999
185,2393.805277,3215.5892799999997,2047.1319999999998
186,2066.9372799999996,4880.4032799999995,1367.616
187,1832.7032769999998,2524.2032799999997,1560.452
188,1792.5092799999998,903.9692799999999,1593.124
189,2435.72728,3225.861277,1736.166
190,2308.1012769999998,3253.23928,1439.386
191,2066.937277,1667.7692769999999,1964.418
192,1573.5212769999998,1766.06128,1818.12
193,2220.441277,4857.99928,1469.772
194,3163.2632769999996,5504.10328,1426.8
195,2244.345277,4865.499277,1467.4899999999998
196,2683.707277,7178.505276999999,1459.8739999999998
197,1748.043277,4183.24528,1714.6419999999998
198,2600.5472769999997,3999.021277,1528.1419999999998
199,2352.453277,1592.81128,1551.144
200,1515.3092799999997,960.56728,1817.5219999999997
201,3133.9292769999997,5505.48928,1741.5779999999997
202,2032.17328,1667.4272799999999,1516.636
203,1488.9752769999998,3506.991277,1347.002
204,3441.849277,6255.08728,1828.3899999999999
205,1891.9592769999997,3318.1532799999995,1721.012
206,2554.6952799999995,5610.9392769999995,1727.966
207,2263.407277,4851.411277,1756.4439999999997
208,2773.7972769999997,2316.3032799999996,2000.79
209,3502.8332769999997,6259.587277,1383.0339999999997
210,3213.15928,3836.7452799999996,1666.924
211,1893.5732799999998,1703.8052769999997,1628.366
212,1373.82328,2633.6972799999994,1670.2799999999997
213,3588.4232799999995,7032.86128,1493.61
214,2525.7032769999996,7249.191277,1379.234
215,1214.5472799999998,1039.79728,1503.666
216,2058.5072769999997,4067.7512799999995,1613.9499999999998
217,3415.2872799999996,5448.66328,1628.462
218,2447.9732799999997,4818.03328,1474.1839999999997
219,2471.421277,4015.5392799999995,1833.5919999999999
220,1836.7472799999998,1693.5332799999999,1534.368
221,2312.2592769999997,1599.74128,1848.576
222,1717.55128,4949.70328,1622.972
223,1432.1492769999998,999.9452769999999,1771.4279999999999
224,2166.729277,4079.4092769999997,1756.764
225,2353.7252799999997,2413.0952799999995,1649.9179999999997
226,2171.00128,3259.7132799999995,1619.8259999999998
227,2937.345277,6284.42128,1307.43
228,1505.49328,960.56728,1732.7899999999997
229,3516.579277,7056.42328,1642.8519999999999
230,2089.113277,1648.25128,1734.908
231,2116.833277,4075.251277,1377.7279999999998
232,3469.569277,6256.70128,1500.5259999999998
233,1346.1032799999998,997.98928,1629.898
234,1961.601277,3312.951277,1535.444
235,2353.7252799999997,4838.937277,1876.9099999999999
236,2940.117277,4729.32928,1428.116
237,1732.79728,4951.203277,1392.5
238,2266.521277,2443.81528,1878.974
239,2493.825277,5609.43928,1703.0339999999999
240,1098.0092799999998,1068.90328,1727.3379999999997
241,1800.8252769999997,4127.80528,1238.418
242,2316.3032799999996,6572.8232769999995,1637.8899999999999
243,3322.53928,6283.1492769999995,1370.4739999999997
244,2685.093277,5616.36928,1210.222
245,1602.399277,3386.2952799999994,1729.7559999999999
246,2732.2172769999997,5617.869277,1457.5739999999998
247,2556.19528,3190.983277,1722.54
248,1753.58728,911.013277,1725.9039999999998
249,3128.4992799999995,4691.67928,1628.5739999999998
250,2316.417277,1623.3032799999999,2069.6059999999998
251,2337.0932799999996,2411.9372799999996,1605.0819999999999
252,2443.81528,1572.1352769999999,1642.6299999999999
253,2111.175277,1653.56728,1619.7939999999999
254,2751.50728,7152.1712769999995,1250.494
255,2299.671277,4041.9872769999997,1423.722
256,3451.4372799999996,6259.587277,1760.12
257,3464.253277,5445.66328,1605.922
258,1299.093277,1846.4492799999998,1617.2839999999999
259,1942.197277,4906.73728,1436.0939999999998
260,2919.327277,7069.011277,1148.9699999999998
261,3569.2472799999996,4584.95728,1689.8179999999998
262,1580.3372769999999,951.0932799999999,1884.1659999999997
263,1289.27728,1027.32328,1612.098
264,3078.6032799999994,4696.179277,1596.1539999999998
265,1960.1012799999999,864.93328,1785.7079999999999
266,987.129277,1926.951277,1863.2499999999998
267,2198.4932799999997,4059.6632799999993,1868.3239999999998
268,1667.7692769999999,1735.56928,1483.3079999999998
269,1342.05928,2644.7852799999996,1814.7819999999997
270,1299.093277,1026.0512769999998,1573.364
271,3456.9812799999995,7067.51128,1450.744
272,2864.93128,3110.4812799999995,1506.414
273,3542.9132799999998,7035.63328,1221.152
274,2504.7992799999997,7243.53328,1398.5899999999997
275,2721.1292799999997,2321.8472799999995,2056.406
276,1698.2612769999998,1731.18328,1757.018
277,2399.577277,4039.1012799999994,2005.622
278,2344.02328,1591.5392769999999,1793.9579999999999
279,2413.4372769999995,4028.0132799999997,1793.4379999999999
280,2500.7552769999998,4024.1972769999998,1732.9219999999998
281,1757.8592769999998,919.3292769999999,1848.994
282,3235.2212799999998,6272.87728,1760.4999999999998
283,2108.1752799999995,2468.7632799999997,1648.056
284,3482.0432769999998,5440.461276999999,1516.828
285,1681.629277,5889.41128,1093.2799999999997
286,1770.3332799999998,4148.59528,1497.9279999999999
287,3423.831277,7080.099276999999,1385.1499999999999
288,1285.11928,1836.8612769999997,1569.128
289,2804.289277,6366.19528,1493.876
290,3104.9372799999996,4702.76728,1557.4039999999998
291,2126.535277,1646.86528,1698.232
292,2775.29728,4776.567277,1262.4419999999998
293,2561.7392769999997,2363.769277,1617.57
294,1688.5592769999998,4179.08728,1570.31
295,2775.183277,5598.465276999999,1552.406
296,2499.0272769999997,3208.8872799999995,1902.5179999999998
297,2452.131277,2400.8492799999995,1829.156
298,2163.957277,4076.637277,1700.4119999999998
299,2869.4312769999997,4741.68928,1574.7879999999998
300,2148.939277,2468.877277,1803.494
301,3157.7192769999997,5504.10328,1684.894
302,2579.64328,3189.597277,1727.3379999999997
303,2080.683277,1670.5412769999998,1794.754
304,1762.0172769999997,910.89928,2083.6
305,3069.015277,4684.97728,1851.9379999999996
306,2163.8432799999996,3276.915277,1546.828
307,1929.7232769999998,3307.2932799999994,1412.8759999999997
308,1908.9332769999999,892.995277,1723.0999999999997
309,2339.979277,4022.2412799999997,1349.504
310,2920.71328,7059.19528,1202.416
311,2777.6132799999996,3953.283277,1528.2779999999998
312,3057.8132769999997,6324.5012799999995,1693.1999999999998
313,1714.77928,3368.2772799999993,1667.7299999999998
314,2057.2352769999998,849.9152799999999,1641.526
315,3299.091277,5475.339277,1341.4979999999998
316,1594.42528,2584.143277,1646.894
317,1383.5252799999998,2625.495277,1398.0199999999998
318,2285.8112799999994,3243.651277,1541.974
319,2768.253277,3157.719277,1832.692
320,3459.867277,4614.29128,1520.594
321,1939.0832799999998,4903.50928,1374.3999999999999
322,1771.719277,4139.007277,1305.8179999999998
323,1577.451277,1748.97328,1652.952
324,2590.7312799999995,2350.7252799999997,1930.292
325,3451.3232769999995,6255.31528,1727.414
326,1996.13728,3292.9772799999996,1643.3899999999999
327,3648.1352769999994,6230.3672799999995,1767.6879999999999
328,2698.9532769999996,6391.14328,1308.566
329,1488.8612799999999,1788.3512769999998,1466.456
330,2716.6292799999997,5570.63128,1847.7079999999999
331,1732.9112769999997,4179.429277,1640.386
332,1947.6272799999997,4104.24328,1450.6979999999999
333,2614.407277,5590.965279999999,1634.3359999999998
334,3010.8032769999995,5526.27928,1484.552
335,2380.05928,4017.039277,1525.0
336,3418.1732799999995,7069.011277,1742.69
337,1825.6592799999999,892.88128,1931.2519999999997
338,2547.879277,3204.7292799999996,1871.0439999999999
339,2405.00728,4826.463277,1490.3439999999998
340,1871.5112769999998,2520.04528,1750.8919999999998
341,2349.681277,4023.3992799999996,1495.644
342,2090.499277,847.14328,1865.572
343,2576.87128,7218.699277,1582.9959999999999
344,1997.6372769999998,2503.527277,1936.262
345,2064.165277,848.52928,1835.704
346,2168.115277,3272.4152799999997,1692.786
347,1364.2352769999998,1000.98928,1536.3199999999997
348,2265.135277,5661.87928,1705.196
349,1831.20328,4143.165277,1572.558
350,1377.9812799999997,2633.6972799999994,1733.196
351,1635.8912799999998,2575.4852799999994,1508.7019999999998
352,2391.2612799999997,4826.12128,1514.3419999999999
353,2072.36728,4903.1492769999995,1629.7379999999998
354,1838.4752769999998,902.697277,1997.054
355,2879.133277,7079.98528,1347.472
356,2168.115277,3264.3272799999995,1760.0219999999997
357,2493.825277,3204.7292799999996,1750.65
358,1958.71528,4104.24328,1346.182
359,2265.135277,5669.03728,1650.626
360,2309.487277,6567.16528,1679.69
361,2101.7012799999998,6490.93528,1521.9979999999998
362,2723.7872799999996,2338.593277,1740.0099999999998
363,3707.961277,6212.349279999999,1738.8359999999998
364,1804.86928,4942.887277,1578.2399999999998
365,3430.6472799999997,6259.47328,1728.1499999999999
366,2488.1672799999997,4815.14728,1613.3179999999998
367,1746.65728,4940.0012799999995,1205.288
368,3079.9892769999997,6309.14128,1754.7379999999998
369,2769.6392769999998,7129.88128,1384.376
370,2295.5132799999997,4033.3292799999995,1509.166
371,2324.61928,4837.43728,1257.24
372,3359.9612799999995,6259.01728,1686.27
373,3485.04328,7054.8092799999995,1451.176
374,2678.1632799999998,2326.00528,1822.0099999999998
375,2500.64128,4823.5772799999995,1297.9019999999998
376,2989.7852769999995,3098.0072799999994,1756.836
377,1628.9612769999999,945.54928,1529.926
378,2186.133277,1634.3912799999998,1902.368
379,2675.27728,2339.979277,1890.796
380,2468.8772769999996,6424.407279999999,1249.02
381,1702.3052799999998,919.557277,1585.924
382,2633.6972799999994,2353.7252799999997,1997.2519999999997
383,2427.1832799999997,4012.3112799999994,1723.1699999999998
384,2866.6592769999997,7098.00328,1416.6619999999998
385,3120.1832799999997,3879.7112799999995,1414.274
386,1265.71528,1023.1652799999999,1576.878
387,2980.19728,4751.50528,1514.3999999999999
388,2014.2692769999996,2491.053277,1528.7079999999999
389,2765.481277,3157.9472769999998,1671.7999999999997
390,2298.171277,4051.689277,1866.51
391,2660.0312769999996,2356.4972799999996,1998.414
392,1777.1492799999999,3342.057277,1415.772
393,3576.17728,4597.773277,1599.224
394,2811.219277,2280.2672799999996,1682.204
395,3380.7512799999995,4632.3092799999995,1789.538
396,2310.8732769999997,5662.221277,1615.464
397,1968.5312769999998,3308.6792799999994,1692.0059999999999
398,2485.5092769999997,6436.88128,1523.6319999999998
399,1914.477277,881.907277,1526.8039999999999
400,2801.4032799999995,6367.581279999999,1356.12
401,1588.6532799999998,2579.64328,1842.882
402,3084.2612769999996,4690.06528,1715.03
403,1971.303277,869.3192799999999,1971.21
404,2298.285277,1609.21528,1784.12
405,1577.5652799999998,4197.10528,1563.2379999999998
406,1832.58928,888.7232799999999,1526.232
407,2635.08328,6380.169277,1373.3619999999999
408,1907.43328,883.293277,1560.922
409,2873.589277,2299.6712799999996,1800.272
410,2111.17528,1655.18128,1965.34
411,2906.73928,2295.5132799999997,1692.004
412,2375.9012799999996,5651.133277,1451.848
413,2235.8012769999996,4864.1132769999995,1723.4339999999997
414,3215.8172799999998,4667.0732769999995,1524.396
415,2643.513277,4795.85728,1346.058
416,2075.253277,4087.725277,1518.892
417,1181.2832799999999,1870.01128,1818.7139999999997
418,1360.0772769999999,2644.7852799999996,1339.184
419,2321.84728,5659.33528,1591.8819999999998
420,1666.383277,933.303277,1854.3919999999998
421,2414.8232769999995,4030.899277,1771.858
422,2768.253277,3146.5172799999996,1841.0059999999999
423,2466.1052799999998,4816.41928,1522.308
424,2352.339277,1603.8992799999999,1887.0119999999997
425,1140.9752769999998,1890.80128,1410.664
426,2818.149277,4758.20728,1620.662
427,2819.535277,6352.33528,1566.3539999999998
428,2435.4992799999995,1591.42528,1751.588
429,2665.575277,5609.43928,1276.456
430,2385.60328,5631.7292769999995,1581.7379999999998
431,2677.821277,5590.03528,1629.244
432,2220.441277,4862.3852799999995,1443.042
433,2399.46328,1581.72328,1712.4779999999998
434,2745.96328,6385.599279999999,1584.356
435,2748.7352799999994,5559.54328,1643.83
436,3458.3672799999995,5438.9612799999995,1446.888
437,3444.5072769999997,4632.3092799999995,1537.126
438,3021.8912769999997,6328.773279999999,1657.49
439,1519.467277,6010.107277,1167.984
440,2637.9692769999997,6392.643277,1570.264
441,3756.3572799999997,7010.68528,1547.1539999999998
442,3286.617277,4646.2832769999995,1853.654
443,2701.725277,3168.6932799999995,1872.668
444,2093.2712770000003,4091.883277,1747.7759999999998
445,3574.7912799999995,6234.52528,1538.734
446,2858.343277,5547.06928,1559.3839999999998
447,2830.6232769999997,6349.563279999999,1602.772
448,1824.3872769999998,907.083277,2063.174
449,2267.7932769999998,1611.9872799999998,1649.984
450,1157.60728,1066.2452769999998,1480.5059999999999
451,1549.959277,967.72528,1820.152
452,1723.0952799999998,4151.36728,1340.9319999999998
453,1133.931277,1882.4852799999999,1391.9559999999997
454,3200.6852769999996,5500.059276999999,1533.906
455,3385.2512799999995,4630.92328,1474.1159999999998
456,2550.5372799999996,4799.5592799999995,1269.8439999999998
457,1743.999277,2544.9932799999997,1746.5299999999997
458,2549.2652769999995,2389.7612799999997,1818.172
459,2744.577277,7142.469276999999,1361.814
460,2023.8572799999997,4070.7512799999995,1243.5779999999997
461,2120.8772799999997,4073.7512799999995,1598.1239999999998
462,2186.13328,804.17728,1572.49
463,3643.8632769999995,7023.15928,1437.484
464,2414.823277,2411.9372799999996,1847.48
465,2013.9272769999998,3293.2052799999997,1477.7359999999999
466,3306.021277,4653.09928,1419.5279999999998
467,2647.671277,4783.15528,1532.136
468,2574.213277,6414.70528,1612.536
469,2797.359277,5584.605277,1253.6839999999997
470,2879.133277,3111.8672799999995,1690.82
471,1827.0452799999998,902.58328,1589.8439999999998
472,2721.0152799999996,2302.4432799999995,1635.694
473,2048.8052799999996,4076.5232799999994,1365.77
474,1969.803277,1678.74328,1900.0159999999998
475,1662.225277,2565.7832799999996,1621.7859999999998
476,3186.7112799999995,4688.0912769999995,1345.942
477,2509.0712769999996,3211.6592799999994,2036.9519999999998
478,2884.5632769999997,4739.03128,1527.624
479,2615.6792769999997,2349.5672799999998,1752.25
480,1974.0752769999997,3300.1352799999995,1359.85
481,2395.1912799999996,4035.057277,1655.4459999999997
482,2443.81528,5641.431277,1410.6879999999999
483,2249.7752769999997,6462.987279999999,1495.538
484,2079.29728,848.52928,1953.5159999999998
485,1695.3752799999997,937.347277,1500.896
486,1680.129277,2570.055277,1628.4199999999998
487,1917.13528,4909.623277,1247.67
488,1013.4632799999999,1911.5912799999999,1500.2579999999998
489,2209.69528,5678.73928,1496.724
490,2109.903277,834.783277,1670.1419999999998
491,2937.345277,3092.2352799999994,1457.9759999999999
492,2491.16728,2381.4452799999995,1576.2859999999998
493,2722.515277,7152.05728,1337.454
494,1868.62528,4899.57928,1230.434
495,3450.1652769999996,5434.57528,1693.818
496,2363.54128,3225.0632799999994,1823.062
497,2619.9512769999997,5603.89528,1651.0339999999999
498,2357.8832799999996,4835.82328,1817.1719999999998
499,2352.3392799999997,2408.9372799999996,1850.1839999999997
500,2863.887277,7099.503277,1377.056
501,2443.81528,2388.1472799999997,1725.4499999999998
502,1473.729277,970.4972799999999,1900.182
503,3275.5292769999996,4661.41528,1832.5279999999998
504,2177.7032799999997,4870.815277,1503.55
505,1816.07128,2527.089277,1720.3959999999997
506,1541.643277,6022.581276999999,1227.122
507,2210.96728,2442.42928,1552.406
508,2421.6392799999994,4838.82328,1531.706
509,1333.7432769999998,2651.7152799999994,1560.4059999999997
510,2094.54328,836.0552799999999,1567.1719999999998
511,3267.09928,5476.4972769999995,1500.042
512,3007.9172799999997,3992.091277,1730.9379999999999
513,3501.33328,6231.52528,1775.826
514,1279.689277,1027.4372769999998,1728.454
515,2515.6592769999997,4002.6092799999997,1773.984
516,2403.62128,2416.437277,2020.366
517,2195.607277,815.26528,1800.9979999999998
518,2808.4472769999998,6362.151277,1885.0819999999999
519,1526.2832799999999,969.225277,2052.388
520,2887.33528,5551.22728,1511.9639999999997
521,3028.821277,4718.355277,1443.8759999999997
522,2809.71928,7104.93328,1375.798
523,1992.0932799999998,3292.9772799999996,1812.0379999999998
524,3315.723277,4653.09928,1747.676
525,1712.1212769999997,926.259277,1683.398
526,2388.4892769999997,2408.9372799999996,1660.974
527,2549.265277,4001.2232799999997,1822.1119999999999
528,3178.3952799999997,6296.89528,1515.6459999999997
529,2213.73928,6454.67128,1269.14
530,1911.7052769999998,6499.2512799999995,1244.5439999999999
531,2199.879277,6474.30328,1484.244
532,2956.63528,4748.7332799999995,1191.72
533,2224.82728,5680.239277,1808.264
534,3183.93928,5497.287276999999,1590.0579999999998
535,2321.8472799999995,4841.59528,1535.1059999999998
536,2212.4672769999997,2453.2892799999995,1590.402
537,3226.791277,2233.14328,1662.454
538,2229.099277,3265.827277,1491.2279999999998
539,1594.1972799999999,2585.301277,1614.9679999999998
540,2177.93128,3275.4152799999997,1525.206
541,2131.9652799999994,1653.7952799999998,2062.874
542,1010.8052769999999,1098.00928,1625.8
543,2934.459277,6339.86128,1786.7839999999999
544,2561.6252769999996,6386.98528,1414.7899999999997
545,4033.671277,6130.57528,1690.5059999999999
546,2398.1912799999996,1583.2232769999998,1771.8279999999997
547,2604.705277,7204.839277,1320.824
548,3333.6272769999996,5473.725277,1844.8159999999998
549,2783.6132799999996,4776.45328,1259.254
550,2005.9532769999998,4109.901277,1708.9779999999998
551,1482.0452799999998,1779.9212799999998,1821.0679999999998
552,1774.4912769999999,4138.89328,1630.9299999999998
553,2629.539277,7176.54928,1334.1839999999997
554,2154.25528,3275.4152799999997,1548.514
555,2416.209277,2399.2352799999994,1840.8139999999999
556,1024.6652769999998,1095.23728,1566.1939999999997
557,3448.437277,6253.70128,1397.028
558,2901.19528,5554.1132769999995,1564.894
559,1979.61928,1694.3312769999998,1969.052
560,1903.2752799999998,881.79328,2061.924
561,3028.821277,4698.38128,1705.292
562,2802.7892799999995,4751.50528,1515.896
563,2452.13128,7287.999277,1228.368
564,1578.951277,1768.8332799999998,1599.1039999999998
565,2723.901277,7164.645277,1493.1899999999998
566,3287.88928,4657.371277,1809.664
567,2424.52528,5628.9572769999995,1823.8259999999998
568,2007.3392799999997,1667.65528,1550.2179999999998
569,2032.287277,4909.851277,1439.0819999999999
570,2109.789277,2471.649277,1997.774
571,2173.659277,6493.821277,1492.668
572,3390.5672769999996,5472.567277,1866.5939999999998
573,2323.347277,4840.20928,1721.224
574,2072.13928,4880.4032799999995,1570.9479999999999
575,3414.24328,5445.43528,1741.2579999999998
576,2065.323277,1669.04128,1989.9719999999998
577,2007.2252799999999,4898.1932799999995,1707.654
578,2022.4712769999999,1666.26928,1600.694
579,3102.2792799999997,6303.82528,1539.5559999999998
580,2301.17128,4852.797277,1583.28
581,2587.845277,5614.9832799999995,1343.502
582,3264.3272799999995,4633.23928,1749.7839999999999
583,3016.23328,4698.38128,1426.8899999999999
584,1985.3912799999998,873.591277,1494.9479999999999
585,2448.0872799999997,2405.00728,1614.916
586,2370.4712769999996,2428.5692799999997,1943.524
587,2776.4552799999997,5588.64928,1386.6139999999998
588,2739.1472799999997,7142.12728,1160.418
589,1806.3692769999998,4152.75328,1789.8159999999998
590,2181.9752769999996,5701.029277,1637.118
591,2473.035277,6424.407279999999,1477.884
592,1935.2672799999998,3308.6792799999994,1537.0839999999998
593,2931.9152799999997,7060.353279999999,1285.954
594,1667.65528,3362.847277,1351.072
595,3100.893277,2266.4072799999994,1954.0379999999998
596,1384.91128,1810.5272769999997,1625.9859999999999
597,2575.599277,6446.58328,1751.19
598,2088.9992799999995,2478.4652799999994,1625.0859999999998
599,3440.34928,4618.44928,1575.09
600,1703.6912799999998,926.259277,1794.3619999999999
601,2809.8332769999997,3134.157277,1762.308
602,1462.6412769999997,2625.495277,1730.62
603,3540.2552769999998,7056.537276999999,1647.9859999999999
604,1764.67528,5860.30528,1520.2139999999997
605,2608.74928,7211.42728,1313.434
606,3292.04728,5481.92728,1452.732
607,1940.8112769999998,869.3192799999999,1813.222
608,2157.02728,3278.301277,1762.6239999999998
609,2144.5532799999996,823.58128,1627.6519999999998
610,3043.9532799999997,7205.88328,1271.212
611,3021.77728,4726.6712769999995,1479.4759999999999
612,2030.901277,845.52928,1707.4739999999997
613,2172.15928,6481.11928,1452.76
614,3071.6732799999995,4730.829277,1531.476
615,3161.7632799999997,4683.59128,1582.918
616,2517.38728,3196.4132799999998,1905.9759999999999
617,2810.061277,5559.54328,1730.408
618,2802.7892799999995,7120.179279999999,1258.8759999999997
619,2618.56528,7213.155277,1074.4859999999999
620,2163.615277,3261.3272799999995,1562.2659999999998
621,1324.04128,2636.46928,1616.732
622,1587.3812769999997,5955.93928,1142.822
623,3417.0152799999996,7070.397277,1510.7079999999999
624,2514.50128,2384.331277,1600.546
625,2265.02128,3241.9232799999995,1416.994
626,1666.383277,1735.56928,1518.7839999999999
627,3245.151277,6289.965279999999,1521.2719999999997
628,1210.2752799999998,1049.613277,1799.946
629,1820.2292769999997,3342.057277,1204.248
630,1795.16728,1721.7092799999998,2006.4359999999997
631,2102.859277,4087.6112799999996,1786.5079999999998
632,2380.0592799999995,3226.9052799999995,2039.164
633,2567.1692799999996,6453.855277,1496.116
634,2978.925277,4729.443276999999,1576.5559999999998
635,2333.1632799999998,5648.24728,1805.936
636,1279.5752799999998,2657.2592799999998,1638.6359999999997
637,2706.927277,3156.21928,1877.4899999999998
638,2697.5672769999996,7179.777279999999,1064.062
639,2351.067277,4029.3992799999996,1657.254
640,3578.94928,4594.88728,1617.3899999999999
641,3332.2412799999997,4657.599277,1547.37
642,3429.2612799999997,7056.42328,1275.1539999999998
643,2644.785277,4791.47128,1444.5879999999997
644,1732.9112769999997,1735.56928,1855.1299999999999
645,1655.1812799999998,940.119277,1519.648
646,2807.06128,4766.865277,1653.94
647,2605.9772799999996,2357.8832799999996,1632.1259999999997
648,1979.505277,1667.1992799999998,1628.712
649,1975.4612769999999,3312.8372799999997,1824.0819999999999
650,2374.629277,4040.3732799999993,2031.406
651,1541.52928,1767.5612769999998,1664.5379999999998
652,2635.1972769999998,3161.5352799999996,1773.4959999999999
653,2183.2472799999996,1652.7512769999998,2018.992
654,2529.7472799999996,5621.91328,1550.906
655,2186.133277,4854.99928,1694.456
656,1861.6952769999998,2532.861277,1612.9499999999998
657,2726.673277,4762.59328,1717.3419999999999
658,2502.02728,7272.411279999999,1208.136
659,2263.63528,4851.411277,1504.172
660,3369.7772769999997,6267.78928,1740.272
661,1631.7332769999998,951.0932799999999,1447.472
662,3220.089277,4676.775277,1350.4379999999999
663,2459.06128,7276.79728,1353.254
664,2170.887277,3275.4152799999997,1614.916
665,1633.11928,2553.0812799999994,1336.1519999999998
666,2197.107277,4062.7772769999997,1410.8679999999997
667,2603.2052799999997,2343.79528,1916.144
668,1332.35728,1019.121277,1472.8559999999998
669,2488.281277,5614.9832799999995,1774.2939999999999
670,3065.085277,6310.52728,1485.868
671,3154.83328,4689.249277,1605.9779999999998
672,2304.05728,1598.12728,1846.168
673,2554.80928,5623.29928,1338.816
674,2047.5332799999996,1681.6292769999998,1642.7279999999998
675,1042.9112799999998,1078.37728,1706.932
676,2636.5832769999997,6429.95128,1843.23
677,3304.521277,5467.83928,1741.9159999999997
678,3330.8552769999997,5475.339277,1547.4879999999998
679,3620.5292799999997,5404.08328,1459.552
680,2367.5852769999997,2423.02528,1808.024
681,1691.3312799999999,931.803277,1746.638
682,2953.8632799999996,4712.46928,1734.6039999999998
683,2635.0832769999997,3989.319277,1688.172
684,3003.7592799999998,5524.89328,1797.524
685,1237.8812769999997,1857.53728,1638.378
686,1105.0532799999999,1883.8712799999998,1738.04
687,1980.891277,1683.0152769999997,1805.9219999999998
688,2629.08328,7210.2692799999995,1282.4619999999998
689,2866.6592769999997,4743.531277,1668.9619999999998
690,1967.1452769999999,1692.7172769999997,2002.8999999999999
691,2834.667277,6337.08928,1624.3939999999998
692,2102.973277,1656.56728,1934.0659999999998
693,2296.8992799999996,2415.6392799999994,1940.1699999999998
694,3400.269277,7073.05528,1909.5079999999998
695,2116.8332769999997,4066.8212799999997,1371.204
696,3380.865277,7089.68728,1689.602
697,3581.83528,5429.373277,1680.0739999999998
698,3660.8372769999996,7034.24728,1586.86
699,2807.061277,3132.6572799999994,1888.584
700,2439.88528,2397.8492799999995,2068.2
701,3203.685277,6291.12328,1532.402
702,3030.09328,5516.5772799999995,1636.782
703,2518.773277,4815.26128,1706.4699999999998
704,3243.879277,6291.35128,1478.96
705,2004.4532769999998,859.6172799999999,1800.0939999999998
706,2051.57728,846.9152799999999,1821.8059999999998
707,2905.4672769999997,4755.66328,1386.0919999999999
708,3045.4532769999996,5509.19128,1413.164
709,1958.8292769999998,4898.42128,1071.546
710,2416.2092799999996,2392.3052799999996,2026.2659999999998
711,1081.4912769999999,1890.80128,1614.774
712,1114.755277,1893.6872769999998,1714.338
713,1009.419277,1912.74928,1692.322
714,2065.43728,4881.78928,1602.058
715,1786.8512799999999,1720.3232799999998,1741.014
716,2125.149277,6478.4612799999995,1479.244
717,3670.311277,5393.22328,1556.196
718,2009.883277,4105.62928,1983.5459999999998
719,3275.4152799999997,5474.99728,1381.8199999999997
720,2470.1492799999996,1561.047277,1810.148
721,2202.765277,4058.2772799999993,1693.8579999999997
722,2740.533277,4787.655277,1354.048
723,1323.9272799999999,1824.3872769999998,1750.6459999999997
724,2314.91728,4041.9872769999997,1610.9779999999998
725,2603.091277,2352.3392799999997,1551.48
726,3606.7832769999995,4596.27328,1481.898
727,2977.4252799999995,5535.98128,1229.164
728,2613.021277,4795.85728,1865.0759999999998
729,2489.667277,7265.70928,1452.502
730,1731.5252769999997,5847.945277,1077.998
731,3089.805277,7175.733276999999,1512.028
732,1346.2172799999998,1824.2732799999999,1720.074
733,1350.26128,999.6032799999999,1775.2599999999998
734,1289.50528,1028.823277,1862.1939999999997
735,1484.9312799999998,2599.04728,1573.994
736,1538.871277,6011.37928,1166.268
737,1407.201277,2639.355277,1562.7279999999998
738,2310.7592799999998,4834.43728,1618.812
739,3243.5372799999996,6295.50928,1580.7939999999999
740,2208.195277,1612.21528,1603.2179999999998
741,2777.8412799999996,2313.5312799999997,1738.5979999999997
742,2640.7412769999996,6418.977277,1751.696
743,2441.157277,5651.0192799999995,1391.114
744,1680.2432769999998,2571.441277,1756.926
745,1102.281277,1068.67528,1732.0659999999998
746,2671.233277,3163.1492799999996,1568.032
747,3585.651277,4596.04528,1533.838
748,3277.0292799999997,6292.851277,1394.754
749,2886.0632769999997,6328.773279999999,1429.524
750,2071.095277,4887.33328,1279.9999999999998
751,2292.855277,4056.075277,1743.9879999999998
752,3233.8352769999997,5496.129277,1810.1499999999999
753,1576.2932769999998,949.70728,1900.3939999999998
754,3333.6272799999997,5470.953277,1892.6059999999998
755,2213.7392769999997,4856.84128,1528.2819999999997
756,3640.0472769999997,5405.69728,1626.78
757,2295.5132799999997,3253.3532769999997,1863.5319999999997
758,2745.96328,7152.1712769999995,1216.8839999999998
759,3218.5892799999997,5482.85728,1758.206
760,2120.991277,4072.3652799999995,1511.128
761,1930.9952799999999,4906.851277,1426.374
762,1847.9492799999998,4133.34928,1459.058
763,3576.17728,6227.709277,1888.9519999999998
764,1502.7212769999999,2607.477277,1586.992
765,2430.0692799999997,4823.12128,1388.5279999999998
766,1608.05728,2572.7132799999995,1481.5859999999998
767,2944.16128,7060.353279999999,1088.2359999999999
768,2342.6372799999995,4033.1012799999994,1803.658
769,1797.9392799999998,4145.59528,1502.8179999999998
770,2173.5452769999997,4870.70128,1455.1619999999998
771,2396.8052799999996,7290.657279999999,1473.5499999999997
772,2249.77528,6457.67128,1351.12
773,2091.77128,4087.6112799999996,1736.9859999999999
774,3432.0332799999996,4632.423277,1671.7279999999998
775,2413.437277,2400.8492799999995,1532.7959999999998
776,2013.1112799999999,4100.199277,1689.0119999999997
777,2844.48328,3943.581277,1779.1419999999998
778,3107.70928,6302.2112799999995,1596.2839999999999
779,2520.04528,7157.60128,1145.262
780,2251.16128,1641.32128,2122.592
781,1772.9912799999997,2529.7472799999996,1745.052
782,2400.963277,3233.9492769999997,1836.9879999999998
783,2705.7692799999995,4767.90928,1382.898
784,2654.71528,5608.05328,1642.2379999999998
785,2848.6412769999997,7081.143279999999,1228.032
786,2561.7392769999997,5606.781277,1620.1439999999998
787,3346.215277,5470.953277,1536.792
788,2721.0152799999996,3167.3072799999995,2139.268
789,1745.3852769999999,905.35528,2008.9759999999997
790,3464.0252769999997,7065.89728,1788.4459999999997
791,2251.16128,2428.3412799999996,1831.5919999999999
792,1742.49928,4938.7292769999995,1250.322
793,2461.9472769999998,4031.127277,1578.9759999999999
794,2823.693277,6381.44128,1661.546
795,1971.1892799999998,3294.5912799999996,1559.37
796,2004.5672799999998,4889.87728,1503.4379999999999
797,2037.7172799999998,3299.091277,1709.3839999999998
798,2841.71128,5561.043277,1443.8599999999997
799,3393.339277,7080.099276999999,1638.6799999999998
800,1804.9832769999998,4152.75328,1724.7359999999999
801,2718.243277,4784.883277,1337.774
802,1692.6032799999998,1745.6132769999997,1400.7219999999998
803,1767.5612769999998,4141.66528,1575.1619999999998
804,3398.883277,5448.66328,1550.7219999999998
805,2144.43928,4066.935277,1436.6699999999998
806,2399.4632799999995,4838.82328,1554.86
807,2457.6752799999995,6423.02128,1333.046
808,2823.5792799999995,5567.85928,1490.958
809,1646.86528,3389.0672799999998,1888.7079999999999
810,1917.1352769999999,2496.2552799999994,1693.03
811,2459.175277,5627.45728,1624.8339999999998
812,1990.5932799999998,858.23128,1721.1599999999999
813,2402.23528,3229.6772799999994,1948.2639999999997
814,3158.9912799999997,4674.003277,1576.7279999999998
815,2118.1052799999998,7367.001276999999,1509.522
816,1836.8612769999997,887.10928,1425.2699999999998
817,2148.5972799999995,4869.08728,1708.8639999999998
818,2583.687277,7229.787276999999,1469.86
819,2388.261277,7293.543277,1579.696
820,1114.755277,1876.4852799999999,1890.936
821,2125.03528,837.5552769999999,1676.1359999999997
822,3166.035277,6314.91328,1863.6499999999999
823,1953.1712799999998,2499.369277,1647.098
824,2155.6412769999997,830.625277,1970.404
825,3567.9752769999996,4594.88728,1626.1119999999999
826,2481.23728,5637.15928,1579.3419999999999
827,1816.07128,4137.50728,1372.6459999999997
828,3264.441277,5491.971277,1476.532
829,2299.785277,5660.72128,1616.958
830,2399.577277,4026.1712799999996,1698.1539999999998
831,3013.4612799999995,5520.27928,1716.322
832,2463.21928,5643.045277,1490.776
833,1524.89728,959.40928,1611.9759999999997
834,2313.5312799999997,6567.279277,1495.3799999999999
835,2520.04528,6464.943276999999,1734.6019999999999
836,2241.345277,791.70328,1738.9999999999998
837,2253.9332799999997,4849.91128,1065.0059999999999
838,1448.7812769999998,995.4452799999999,1861.2259999999999
839,1946.24128,2483.7812799999997,1612.3339999999998
840,3434.80528,6258.201277,1594.1979999999999
841,1991.9792799999998,4108.40128,1796.418
842,2517.38728,4004.2232799999997,1456.2079999999999
843,1804.8692769999998,1709.2352799999999,1676.6639999999998
844,1756.4732769999998,1721.48128,1568.6779999999999
845,2934.4592799999996,4743.18928,1641.016
846,2109.903277,4087.6112799999996,1599.0679999999998
847,1052.271277,1907.7752769999997,1774.312
848,1458.2552769999998,1802.09728,1759.914
849,970.611277,1925.45128,1613.818
850,2151.483277,3265.7132799999995,1775.3459999999998
851,1749.5432799999999,4141.66528,1489.4759999999999
852,2654.48728,7199.18128,1469.1319999999998
853,2409.165277,2408.9372799999996,1817.4479999999999
854,2486.7812799999997,3197.7992799999997,1821.418
855,2465.7632799999997,4004.2232799999997,1636.19
856,2447.9732799999997,3221.3612799999996,1489.672
857,1633.0052799999999,2568.5552799999996,1423.3939999999998
858,1996.2512769999998,2490.9392799999996,1700.8259999999998
859,2136.12328,836.0552799999999,1966.87
860,3158.9912799999997,4682.547277,1674.0079999999998
861,2060.00728,4879.359277,1119.904
862,2051.691277,4083.3392799999997,1288.652
863,1709.46328,4155.639277,1380.6899999999998
864,3251.9672769999997,6295.50928,1791.4799999999998
865,1757.8592769999998,3358.917277,1464.8759999999997
866,2086.341277,1667.7692769999999,1938.2179999999998
867,2455.245277,2400.8492799999995,1870.7899999999997
868,1847.7212769999996,6558.849279999999,1462.412
869,1778.5352799999998,3353.0312799999997,1852.498
870,1716.16528,4157.253277,1364.916
871,3298.977277,5474.99728,1596.84
872,2191.677277,1648.3652769999999,1940.168
873,1355.919277,1831.3172769999999,1715.1879999999999
874,2115.447277,4073.6372799999995,1335.1299999999999
875,1563.7052769999998,1748.97328,1599.1019999999999
876,2263.749277,2439.2012799999998,1726.3319999999999
877,2854.1852799999997,7099.503277,1287.9859999999999
878,1506.9932769999998,3504.2192769999997,1549.224
879,2579.757277,7219.97128,1238.632
880,1788.2372799999998,4166.955277,1630.734
881,2927.643277,6337.08928,1525.4219999999998
882,2590.845277,7208.88328,1562.2219999999998
883,1041.18328,1082.76328,1699.826
884,1810.41328,4924.52728,1390.798
885,1843.6772799999999,4147.20928,1661.3079999999998
886,1954.55728,863.3192799999999,1739.29
887,2209.58128,3262.9412799999996,1587.8539999999998
888,1499.94928,981.58528,1356.442
889,3567.975277,7038.40528,1607.5559999999998
890,2165.229277,4872.08728,1537.2139999999997
891,2105.7452799999996,4864.70128,1709.004
892,1961.4872799999998,4109.901277,1539.422
893,3378.093277,6267.78928,1747.778
894,2136.465277,4083.5672769999996,1643.398
895,2297.013277,4051.689277,1511.87
896,1612.3292769999998,1768.9472769999998,1795.4959999999999
897,2879.01928,4746.075277,1583.9019999999998
898,2367.6992769999997,4831.89328,1468.6979999999999
899,2209.695277,4862.499277,1459.9539999999997
900,2791.81528,2294.1272799999997,1619.6699999999998
901,2608.863277,7204.72528,1038.4699999999998
902,2223.555277,4865.15728,1342.994
903,2094.657277,4873.24528,1193.1059999999998
904,2435.613277,4015.3112799999994,1826.9479999999999
905,2407.893277,7304.28928,1420.136
906,1881.2132799999997,1703.69128,1760.9399999999998
907,2213.7392769999997,5670.42328,1639.2979999999998
908,3125.4992799999995,5502.48928,1709.7599999999998
909,3184.0532799999996,4672.50328,1343.338
910,3256.0112799999997,2222.0552799999996,1922.906
911,1922.7932769999998,4917.82528,1416.7459999999999
912,3560.93128,7043.94928,1454.29
913,2425.911277,4016.4692799999993,1628.808
914,2002.0232769999998,3297.5912799999996,1742.994
915,2664.303277,4766.52328,1803.5979999999997
916,2366.313277,3237.9932799999997,1785.07
917,2836.0532799999996,7082.75728,1308.262
918,1908.8192799999997,3308.6792799999994,1660.6499999999999
919,2870.8172769999996,6345.40528,1317.6799999999998
920,3581.8352769999997,7037.133277,1527.6699999999998
921,2353.8392769999996,4023.3992799999996,1448.822
922,2280.2672799999996,1615.1012769999998,1962.4759999999999
923,2356.4972799999996,5637.273276999999,1907.934
924,2689.1372799999995,5592.80728,1592.0059999999999
925,2288.5832769999997,1613.6012799999999,1816.54
926,1128.50128,1895.3012769999998,1437.774
927,1843.7912769999998,2518.43128,1810.8399999999997
928,3185.32528,4669.50328,1736.24
929,2312.0312799999997,4840.20928,1437.2219999999998
930,2267.907277,4041.8732799999993,1366.348
931,1983.6632769999999,869.3192799999999,2143.122
932,2001.7952799999998,4111.17328,1755.3379999999997
933,2784.77128,3132.771277,1686.7099999999998
934,2522.8172799999998,4788.69928,1598.8839999999998
935,2707.1552799999995,5591.535277,1673.28
936,1426.6052799999998,998.559277,1931.168
937,1628.9612769999999,4187.4032799999995,1518.328
938,2463.333277,6429.95128,1524.686
939,1215.9332769999999,1860.30928,1528.526
940,2046.03328,4872.08728,1190.27
941,1987.9352769999998,1689.9452769999998,1844.86
942,2632.53928,7193.63728,1337.1979999999999
943,3297.7052769999996,4654.48528,1546.3719999999998
944,2522.931277,4002.6092799999997,1500.2479999999998
945,2653.1012769999998,4805.5592799999995,1517.032
946,2535.405277,5620.52728,1562.79
947,2123.64928,2464.6052799999998,1722.398
948,2533.791277,4806.83128,1747.782
949,1443.2372769999997,976.155277,1505.426
950,2633.69728,4789.85728,1335.49
951,1056.5432799999999,1908.9332769999999,1641.26
952,2581.0292769999996,4794.47128,1588.61
953,1795.16728,901.19728,1729.6139999999998
954,3430.761277,5453.163277,1670.002
955,1921.2932799999999,879.0212799999999,1951.1319999999998
956,3328.0832799999994,6280.26328,1514.568
957,2107.1312799999996,4890.447277,1730.71
958,2668.46128,2335.7072799999996,1816.676
959,3013.68928,4712.46928,1615.27
960,2504.7992769999996,4827.73528,1452.686
961,3218.5892799999997,4655.41528,1483.792
962,1258.785277,2664.1892799999996,1595.0939999999998
963,2978.925277,6349.905277,1558.3079999999998
964,1912.863277,4920.9392769999995,1601.594
965,1828.5452799999998,6558.849279999999,1567.7479999999998
966,1894.9592799999998,4910.66728,1519.9859999999999
967,3134.157277,5502.71728,1832.94
968,2345.523277,4026.3992799999996,1730.2759999999998
969,1832.5892769999998,3340.899277,1697.626
970,2942.7752799999994,7059.19528,1300.842
971,2426.02528,4032.513277,1817.4379999999999
972,2312.1452799999997,6583.911276999999,1661.0579999999998
973,1907.43328,4920.9392769999995,1557.1299999999999
974,1678.74328,1749.5432769999998,1603.7699999999998
975,3380.7512799999995,4619.60728,1630.2699999999998
976,2721.01528,4794.47128,1469.658
977,2818.035277,6373.239277,1580.406
978,3628.8452799999995,6223.43728,1771.4579999999999
979,2800.1312769999995,7135.539277,1357.674
980,3592.809277,6230.3672799999995,1789.3059999999998
981,2525.9312769999997,1547.0732799999998,1748.4859999999999
982,2701.6112799999996,3164.5352799999996,1762.4759999999999
983,2583.8012799999997,7211.9972769999995,1365.774
984,2500.7552769999998,2380.173277,1667.1879999999999
985,1433.5352799999998,1800.48328,1728.966
986,1960.1012799999999,4901.1932799999995,1473.1059999999998
987,2115.447277,5731.407279999999,1573.09
988,2097.429277,4075.1372799999995,1512.138
989,1493.133277,974.65528,1694.134
990,2385.60328,1577.33728,1569.8519999999999
991,2355.111277,6547.76128,1737.4519999999998
992,2202.65128,5659.33528,1341.674
993,1806.255277,1715.9372799999999,1772.308
994,3172.96528,6298.28128,1689.218
995,2550.5372799999996,2366.313277,1659.5939999999998
996,1788.46528,3343.3292799999995,1655.5939999999998
997,2256.8192799999997,813.87928,1800.5439999999999
998,1804.86928,4933.413277,1118.1039999999998
999,3131.3852799999995,5501.10328,1798.6539999999998
1000,1922.6792799999998,877.5212799999999,1823.464
1001,2903.96728,5549.955277,1856.4799999999998
1002,1658.0672769999999,2556.0812799999994,1234.6339999999998
1003,2726.55928,7164.53128,1330.8980000000001
1004,2569.9412799999996,5608.05328,1494.3899999999999
1005,2288.69728,5657.94928,1836.2099999999998
1006,1874.283277,4127.80528,1603.5879999999997
1007,2539.5632769999997,7243.53328,1464.6339999999998
1008,3400.269277,5464.251276999999,1671.992
1009,3419.5592799999995,5453.163277,1346.4739999999997
1010,1973.96128,4118.10328,1814.3379999999997
1011,1723.2092799999998,3358.5752799999996,1668.0399999999997
1012,3829.8152799999993,6981.57928,1437.328
1013,1222.863277,1048.11328,1600.97
1014,1860.4232769999999,4916.43928,1258.8239999999998
1015,2368.9712799999998,6448.083277,1599.968
1016,2859.6152799999995,3121.5692799999997,2050.092
1017,1590.153277,5944.85128,1229.5379999999998
1018,3000.9872799999994,7030.203277,1363.742
1019,2683.59328,6408.117276999999,1643.074
1020,2809.8332769999997,2289.96928,1677.658
1021,2847.14128,7103.54728,1307.52
1022,1930.9952799999999,1687.05928,1712.4399999999998
1023,2442.42928,5635.887277,1390.3059999999998
1024,2777.9552769999996,2303.943277,1746.6719999999998
1025,2906.853277,6302.43928,1465.8819999999998
1026,1440.3512799999999,2626.7672799999996,1726.754
1027,2506.2992769999996,3206.229277,1765.9899999999998
1028,2237.187277,805.677277,1530.8319999999999
1029,1835.4752769999998,4921.52728,1558.3339999999998
1030,2339.979277,5658.063276999999,1720.2779999999998
1031,2241.573277,1626.07528,1929.6299999999999
1032,2387.1032769999997,1592.81128,1725.646
1033,3056.541277,7211.65528,1239.524
1034,2242.84528,2440.81528,1898.714
1035,2908.1252799999997,4724.9432799999995,1512.942
1036,2461.9472769999998,5628.9572769999995,1814.3839999999998
1037,2177.7032799999997,4078.023277,1790.5759999999998
1038,2561.85328,3188.0972799999995,1743.398
1039,2948.433277,4710.039277,1749.7559999999999
1040,2795.9732799999997,7120.179279999999,1353.3659999999998
1041,2631.03928,6366.309276999999,1403.52
1042,2532.51928,4794.47128,1586.7579999999998
1043,2062.66528,2465.5352799999996,1721.7039999999997
1044,2436.8852799999995,3218.5892799999997,1877.388
1045,1602.513277,3390.4532799999997,1701.4899999999998
1046,2272.0652769999997,4051.5752799999996,1621.2079999999999
1047,3592.923277,5414.01328,1681.464
1048,2653.215277,3990.933277,1466.526
1049,2750.00728,3957.3272799999995,1753.8259999999998
1050,2608.863277,5614.9832799999995,1487.1879999999999
1051,3232.5632769999997,7114.749277,1587.674
1052,2084.841277,4883.1752799999995,1742.9039999999998
1053,2485.3952799999997,2392.647277,1641.024
1054,2252.66128,4050.1892799999996,1468.4799999999998
1055,3324.0392799999995,4654.827276999999,1549.7079999999999
1056,2862.38728,7098.00328,1243.2959999999998
1057,2631.03928,3178.509277,1755.0439999999999
1058,2357.8832799999996,1616.37328,1840.436
1059,2664.1892769999995,4787.655277,1499.4019999999998
1060,1955.9432799999997,4106.78728,1520.5359999999998
1061,3283.8452799999995,7091.187277,1801.2099999999998
1062,2540.9492769999997,5631.9572769999995,1822.2959999999998
1063,3405.8132769999997,5451.43528,1362.9679999999998
1064,1942.1972769999998,2504.7992799999997,1677.142
1065,2931.6872799999996,6335.70328,1809.552
1066,1827.0452799999998,6558.849279999999,1277.876
1067,1412.631277,991.05928,1420.2079999999999
1068,2168.00128,4871.97328,1467.966
1069,2687.8652799999995,5608.05328,1218.8619999999999
1070,1710.735277,5860.419277,1315.75
1071,2385.60328,5641.31728,1830.6879999999999
1072,2333.0492769999996,1613.7152769999998,1828.768
1073,1684.401277,4959.7472769999995,1429.7679999999998
1074,2890.2212769999996,5563.70128,1317.328
1075,3081.489277,5534.937277,1270.2479999999998
1076,1978.11928,4899.35128,1763.5739999999998
1077,2794.4732799999997,7127.10928,1142.476
1078,3566.4752769999996,5415.39928,1397.1259999999997
1079,2277.723277,4034.7152799999994,1493.752
1080,2443.9292769999997,4032.513277,1862.656
1081,3231.0632799999994,4686.477277,1588.598
1082,1864.4672799999998,3330.8552799999998,1701.5739999999998
1083,3233.8352769999997,5478.92728,1532.9519999999998
1084,2834.7812769999996,2284.4252799999995,1840.1979999999999
1085,2675.27728,4768.13728,1749.3399999999997
1086,1633.0052799999999,4190.517277,1398.0359999999998
1087,1767.4472799999999,3342.057277,1831.0159999999998
1088,2017.0412769999998,1663.4972799999998,1459.982
1089,1976.9612799999998,6502.023279999999,1336.018
1090,2723.901277,5581.71928,1782.614
1091,1875.55528,4107.01528,1243.142
1092,2654.6012769999998,2337.0932799999996,1579.702
1093,1874.2832799999999,3319.881277,1465.896
1094,2598.9332769999996,3189.597277,1896.9099999999999
1095,2345.40928,6459.1712769999995,1397.2879999999998
1096,1565.0912799999999,946.9352799999999,1770.212
1097,2380.0592799999995,6461.943276999999,1753.24
1098,2008.7252799999999,4888.71928,1526.744
1099,1630.3472769999998,2561.739277,1489.8919999999998
1100,1987.9352769999998,869.3192799999999,1619.3339999999998
1101,2360.769277,4826.12128,1491.5799999999997
1102,2122.3772769999996,1655.18128,1996.0079999999998
1103,2228.9852769999998,4059.8912799999994,1870.456
1104,2131.96528,7393.335276999999,1119.0359999999998
1105,2058.62128,4883.517277,1890.7259999999999
1106,2507.6852799999997,4829.12128,1368.3439999999998
1107,1777.4912799999997,4943.115277,1705.3919999999998
1108,1527.783277,958.02328,1780.9999999999998
1109,2552.037277,3188.0972799999995,1614.562
1110,1269.8732799999998,1835.4752769999998,1573.906
1111,2391.2612799999997,1580.33728,1831.898
1112,2910.8972799999997,4726.32928,1479.452
1113,1986.5492769999998,4118.10328,1782.5379999999998
1114,2809.8332769999997,3132.6572799999994,1831.838
1115,2316.4172799999997,6440.58328,1138.0359999999998
1116,3267.213277,4651.71328,1841.4759999999999
1117,2431.3412799999996,4015.3112799999994,1858.3419999999999
1118,1968.4172769999998,4904.079277,1385.7459999999999
1119,2628.1532799999995,3995.091277,1594.908
1120,2629.425277,7222.857277,1159.9219999999998
1121,2079.41128,3273.8012799999997,1576.648
1122,2439.6572799999994,5646.045277,1397.8519999999999
1123,1324.041277,1014.8492799999999,1218.28
1124,921.9872799999999,1950.5132769999998,1509.5299999999997
1125,2014.2692769999999,3297.5912799999996,1667.9779999999998
1126,2090.271277,837.44128,1861.072
1127,3107.8232769999995,4685.90728,1486.764
1128,3258.7832799999996,4648.71328,1619.328
1129,1219.9772799999998,1050.999277,1372.6779999999999
1130,3060.5852769999997,5515.19128,1790.1339999999998
1131,1583.2232769999998,948.32128,1850.2099999999998
1132,3463.9112769999997,6262.587277,1578.3479999999997
1133,1437.6932799999997,2623.9952799999996,1427.9799999999998
1134,1971.5312769999998,1694.3312769999998,1818.9039999999998
1135,2933.07328,5549.955277,1463.978
1136,2629.5392799999995,3972.5732799999996,1504.07
1137,1325.427277,2640.6272799999997,1497.5599999999997
1138,1336.4012799999998,1016.3492769999999,1565.85
1139,1799.5532799999999,897.03928,1525.9879999999998
1140,2786.15728,5559.54328,1748.4099999999999
1141,2165.343277,3253.23928,1656.636
1142,2169.387277,4073.7512799999995,1925.0719999999997
1143,2005.8392799999997,4891.26328,1218.4959999999999
1144,2861.115277,6337.203277,1597.86
1145,1138.3172769999999,1892.3012769999998,1593.6339999999998
1146,3386.29528,4640.62528,1505.876
1147,2405.121277,7308.6752799999995,1463.8999999999999
1148,2941.3892799999994,7055.03728,991.076
1149,1167.195277,1865.62528,1539.0279999999998
1150,2915.169277,5559.54328,1541.098
1151,2983.0832769999997,3096.6212799999994,1739.5739999999998
1152,2215.1252799999997,1646.86528,1878.5159999999998
1153,2807.2892799999995,6381.5552769999995,1580.7379999999998
1154,2179.0892799999997,4872.201277,1519.134
1155,2667.0752799999996,3976.7312799999995,1864.312
1156,1652.4092799999999,5886.639279999999,1382.5379999999998
1157,3287.7752769999997,7091.187277,1599.0779999999997
1158,1405.815277,1815.9572799999999,1718.042
1159,2732.2172769999997,4787.883277,1394.3
1160,1892.30128,874.40728,1590.2
1161,2183.2472799999996,1645.47928,1955.694
1162,2791.7012799999998,7135.539277,1197.9099999999999
1163,1223.0912769999998,1854.53728,1664.8419999999999
1164,1903.389277,876.24928,1780.094
1165,2463.1052769999997,4010.9252799999995,1763.0659999999998
1166,1355.9192769999997,1818.7292799999998,1407.3719999999998
1167,2692.02328,5616.36928,1547.7239999999997
1168,2373.2432799999997,5648.24728,1677.618
1169,3380.7512799999995,5461.4792769999995,1517.06
1170,1997.5232799999999,4107.129277,1754.264
1171,1351.64728,1827.0452799999998,1718.576
1172,3125.8412799999996,4688.67928,1399.904
1173,2162.571277,3276.915277,1671.802
1174,2888.7212799999998,6317.799277,1404.3619999999999
1175,2568.5552799999996,4797.24328,1727.59
1176,1452.82528,2600.4332799999997,1372.9999999999998
1177,3627.459277,6222.165277,1810.3039999999999
1178,2245.617277,1628.84728,1813.658
1179,1633.1192769999998,1752.3152769999997,1433.504
1180,2229.327277,1623.3032799999999,1729.966
1181,1073.06128,1890.80128,1858.798
1182,1488.9752769999998,1785.2372799999998,1613.7959999999998
1183,1595.6972769999998,2575.25728,1621.378
1184,2575.599277,4794.47128,1437.3059999999998
1185,2457.675277,1592.81128,1952.6319999999998
1186,1766.06128,1731.7532769999998,1461.0279999999998
1187,1663.49728,4177.815277,1586.732
1188,2563.0112799999997,7234.173277,1367.868
1189,2867.8172769999996,4741.917277,1530.7139999999997
1190,3452.937277,6258.08728,1823.0
1191,2371.6292769999995,1583.2232769999998,1595.3659999999998
1192,2521.4312769999997,1558.1612799999998,1919.7519999999997
1193,2468.877277,4813.87528,1623.5479999999998
1194,2150.21128,4064.1632769999997,1355.0959999999998
1195,3188.0972799999995,4672.27528,1765.5119999999997
1196,2420.367277,1581.8372769999999,1805.722
1197,2517.27328,6412.047277,1526.71
1198,2386.9892769999997,1594.1972799999999,1747.79
1199,2736.1472769999996,3140.9732799999997,1689.612
1200,1285.11928,2657.2592799999998,1640.274
1201,3003.7592799999998,6334.31728,1732.9159999999997
1202,1602.6272769999998,1743.999277,1415.402
1203,3474.9992799999995,7060.581279999999,1618.4959999999999
1204,1854.6512769999997,887.33728,1686.0179999999998
1205,3061.9712799999998,6316.413277,1716.6339999999998
1206,2057.12128,2492.667277,1770.8459999999998
1207,1438.96528,1796.5532799999999,1764.302
1208,2848.6412769999997,3117.1832799999997,2027.6019999999999
1209,2342.751277,6446.58328,1385.2459999999999
1210,1810.2992769999998,902.58328,1864.5159999999998
1211,2636.69728,4783.38328,1409.502
1212,2557.581277,2363.4272799999994,1545.062
1213,3590.0372799999996,7045.335279999999,1752.7019999999998
1214,2944.2752769999997,7066.467277,1246.2399999999998
1215,1760.28928,4141.66528,1536.608
1216,2833.2812769999996,5574.78928,1350.5819999999999
1217,2994.171277,3913.3172769999996,1569.3739999999998
1218,1802.2112769999997,3345.057277,1586.0479999999998
1219,3211.65928,3836.7452799999996,1719.0019999999997
1220,1037.1392769999998,1087.8512799999999,1633.618
1221,1347.4892799999998,1824.2732799999999,1638.378
1222,2274.8372769999996,4051.5752799999996,1582.254
1223,2242.959277,4048.5752799999996,1712.8439999999998
1224,2102.9732769999996,4869.31528,1267.596
1225,2682.2072799999996,6406.503277,1644.8659999999998
1226,1325.427277,1822.88728,1823.282
1227,3397.725277,7079.98528,1481.7479999999998
1228,1745.61328,1724.48128,1573.182
1229,2169.501277,782.00128,2075.868
1230,2471.5352799999996,4016.9252799999995,1992.37
1231,2356.497277,4043.6012769999998,1350.79
1232,2251.2752769999997,4854.411277,1169.572
1233,2442.5432769999998,5645.47528,1424.118
1234,2933.07328,5548.45528,1460.9899999999998
1235,3595.581277,7057.8092799999995,1804.8539999999998
1236,2553.30928,3182.3252799999996,1760.61
1237,2940.0032799999994,7053.65128,1259.8319999999999
1238,1952.9432799999997,4905.465277,1553.4239999999998
1239,1678.74328,1733.7272799999998,1661.73
1240,2163.957277,1635.77728,1425.7839999999999
1241,3351.7592769999997,6281.763277,1666.594
1242,3362.847277,6270.675276999999,1613.626
1243,2506.071277,2380.173277,1697.4379999999999
1244,2618.5652769999997,6378.66928,1394.2199999999998
1245,3285.231277,4661.30128,1571.9859999999999
1246,3264.4412799999996,4662.80128,1475.764
1247,2156.9132799999998,1634.3912799999998,1469.498
1248,2571.441277,2367.58528,1698.6919999999998
1249,2551.809277,7239.375279999999,1683.6419999999998
1250,2394.033277,1578.72328,1890.6559999999997
1251,1703.5772769999999,4176.31528,1700.398
1252,1863.0812799999999,4140.27928,1881.984
1253,2104.4732799999997,6486.777279999999,1626.942
1254,1778.5352799999998,6568.55128,1470.9139999999998
1255,1100.8952769999999,1057.58728,1812.7799999999997
1256,1103.5532799999999,1882.4852799999999,1845.0639999999999
1257,1957.44328,4906.851277,1444.828
1258,1964.25928,4897.03528,1102.478
1259,3275.4152799999997,5469.22528,1630.1999999999998
1260,1896.3452799999998,880.40728,1722.2659999999998
1261,3034.2512799999995,4729.6712769999995,1297.5739999999998
1262,3622.029277,7031.47528,1482.856
1263,3400.155277,5435.9612799999995,1423.436
1264,3491.6312799999996,4608.74728,1384.2099999999998
1265,1347.603277,1836.8612769999997,1621.866
1266,2271.9512769999997,4862.499277,1697.7179999999998
1267,2960.79328,3098.0072799999994,1593.4279999999999
1268,2352.3392799999997,5638.54528,1451.2979999999998
1269,1552.61728,1775.8772769999998,1622.58
1270,2886.17728,3931.107277,1735.5079999999998
1271,1759.131277,1725.9812769999999,1782.9959999999999
1272,1393.22728,2635.08328,1620.6479999999997
1273,2334.3212799999997,1634.7332769999998,2080.712
1274,1222.8632769999997,1029.86728,1744.628
1275,2217.8972799999997,4860.99928,1695.418
1276,2678.163277,7182.54928,1527.336
1277,2729.3312799999994,4763.97928,1639.2359999999999
1278,1286.391277,1836.8612769999997,1365.192
1279,3039.90928,5527.779277,1881.2779999999998
1280,2797.2452799999996,3132.6572799999994,1908.348
1281,1660.8392769999998,3374.9792799999996,1833.9379999999999
1282,1376.59528,2635.08328,1598.61
1283,2241.6872799999996,1610.6012799999999,1604.8619999999999
1284,1227.0212769999998,1046.72728,1638.2079999999999
1285,2403.7352769999998,5641.431277,1683.874
1286,1613.6012799999999,3376.5932799999996,1561.762
1287,2771.02528,2297.013277,1912.724
1288,2600.4332799999997,5621.91328,1288.8559999999998
1289,1832.7032769999998,3335.355277,1436.504
1290,3215.8172799999998,5483.31328,1625.762
1291,1511.1512799999998,1767.4472799999999,1505.7679999999998
1292,3517.9652799999994,4608.861277,1669.7179999999998
1293,3508.377277,7059.19528,1850.654
1294,2442.42928,2396.4632799999995,1889.46
1295,2195.94928,6454.67128,1230.884
1296,3038.523277,4718.24128,1506.134
1297,2712.8132769999997,5580.33328,1643.1699999999998
1298,2149.98328,4079.4092769999997,1662.124
1299,1838.247277,3332.2412799999997,1428.868
1300,3386.2952799999994,4629.53728,1549.9779999999998
1301,3006.5312769999996,5526.05128,1641.8899999999999
1302,2330.39128,5648.24728,1467.5919999999999
1303,3397.3832799999996,5450.04928,1753.7839999999999
1304,2414.709277,4823.12128,1652.818
1305,2328.77728,823.58128,1673.196
1306,2497.8692799999994,7246.419277,1498.74
1307,2126.4212799999996,1646.86528,2134.252
1308,2679.5492769999996,7189.47928,1017.7019999999999
1309,1393.2272799999998,996.83128,1525.406
1310,2802.7892799999995,5555.157279999999,1561.436
1311,2439.5432769999998,1594.1972799999999,1772.8779999999997
1312,2899.923277,5558.157279999999,1473.2879999999998
1313,2030.67328,2486.5532799999996,1945.716
1314,2041.6472799999997,1674.9272769999998,1612.3279999999997
1315,2178.975277,826.3532799999999,1805.2459999999999
1316,2676.777277,2323.2332799999995,1775.9779999999998
1317,2639.24128,4781.7692799999995,1328.6079999999997
1318,1085.649277,1899.2312769999999,1645.864
1319,3602.6252769999996,5402.69728,1583.9299999999998
1320,3506.9912799999997,6248.499277,1437.5559999999998
1321,2284.9952769999995,2429.7272799999996,1696.2259999999999
1322,3517.96528,4596.27328,1605.4139999999998
1323,2317.68928,5660.72128,1399.4759999999999
1324,2919.213277,5561.043277,1505.304
1325,1753.58728,4940.115277,1380.944
1326,2413.3232799999996,4834.43728,1660.9019999999998
1327,2588.301277,5612.2112799999995,1671.078
1328,3596.9672799999994,5429.373277,1814.9299999999998
1329,1811.9132769999999,1713.16528,1777.426
1330,2168.115277,4076.5232799999994,1727.54
1331,1167.30928,1867.01128,1567.104
1332,2443.81528,3220.089277,1591.1999999999998
1333,3275.5292769999996,4654.02928,1776.684
1334,2649.057277,4795.85728,1587.398
1335,1242.267277,1854.8792769999998,1569.6
1336,2023.8572769999998,4909.851277,1585.6979999999999
1337,3434.8052799999996,6255.08728,1572.0019999999997
1338,2755.893277,4762.36528,1678.8999999999999
1339,2718.2432799999997,5580.447276999999,1516.202
1340,2715.58528,2296.6712799999996,1542.918
1341,2777.955277,5596.965279999999,1474.93
1342,1817.3432769999997,4927.52728,1162.524
1343,1978.34728,4914.009277,1657.042
1344,2048.691277,3293.2052799999997,1768.886
1345,1552.61728,973.611277,1518.5579999999998
1346,1536.0992769999998,2582.1872799999996,1512.488
1347,2737.647277,3143.7452799999996,1682.01
1348,1777.1492799999999,2518.6592799999994,1484.9779999999998
1349,1395.99928,1785.2372799999998,1387.4039999999998
1350,2269.1792769999997,850.029277,1695.5359999999998
1351,3436.191277,5448.66328,1484.576
1352,2380.173277,2417.4812799999995,1692.9739999999997
1353,2266.521277,4056.8912799999994,1973.118
1354,1171.3532769999997,1060.58728,1640.12
1355,2872.2032769999996,6327.38728,1331.686
1356,2836.0532799999996,7100.889276999999,1402.3159999999998
1357,1764.7892769999999,4935.61528,1355.672
1358,2529.861277,1556.8892769999998,1841.5399999999997
1359,2992.785277,4737.759277,1352.1739999999998
1360,1953.1712799999998,4108.40128,1549.4399999999998
1361,2011.3832799999998,1667.65528,1774.07
1362,2374.629277,4820.34928,1515.2099999999998
1363,1670.5412769999998,5889.525277,1284.5819999999999
1364,1703.8052799999998,4165.22728,1623.038
1365,2362.155277,4826.12128,1411.164
1366,1845.1772769999998,3343.443277,1708.8679999999997
1367,2168.115277,4857.99928,1180.7039999999997
1368,2486.781277,7247.46328,1427.456
1369,2240.073277,4851.411277,1172.84
1370,2550.53728,2373.243277,1770.0059999999999
1371,2658.6452769999996,2352.1112799999996,1966.742
1372,1709.2352799999999,4943.115277,1196.722
1373,2678.0492799999997,2334.3212799999997,1821.9479999999999
1374,1811.6852769999998,4930.29928,1419.4279999999999
1375,2330.1632799999998,5673.309276999999,1270.7659999999998
1376,1451.553277,2611.5212799999995,1649.2099999999998
1377,1658.0672799999998,4979.151277,1527.83
1378,2013.9272799999999,4084.6112799999996,1611.288
1379,1768.947277,3356.145277,1608.2019999999998
1380,2802.903277,5555.3852799999995,1835.3159999999998
1381,1523.6252769999999,2603.319277,1682.07
1382,2162.457277,2452.1312799999996,1856.528
1383,1889.4152769999998,4123.761277,1341.2179999999998
1384,1840.90528,4927.29928,1445.4579999999999
1385,2164.07128,827.8532769999999,1849.686
1386,2615.4512799999998,5601.12328,1589.59
1387,3075.8312799999994,7183.93528,1417.176
1388,1877.2832799999999,1710.39328,1926.4019999999998
1389,2552.26528,4008.6092799999997,1552.46
1390,2768.13928,6366.19528,1324.206
1391,1414.1312769999997,2637.969277,1816.244
1392,2161.0712799999997,1624.6892799999998,1719.458
1393,3383.4092769999997,6267.56128,1452.526
1394,3584.6072769999996,6232.911279999999,1624.684
1395,3508.1492799999996,7067.625276999999,1875.7759999999998
1396,1242.153277,1847.9492769999997,1306.242
1397,1749.429277,4162.45528,1566.4679999999998
1398,2653.10128,5570.1752799999995,1667.5159999999998
1399,3039.79528,5517.96328,1442.35
1400,1821.6152769999999,6560.23528,1544.4339999999997
1401,3545.7992799999997,5425.10128,1595.014
1402,2134.96528,824.96728,1694.5439999999999
1403,1633.0052799999999,1743.65728,1761.1719999999998
1404,1681.401277,4163.84128,1344.628
1405,2127.80728,4064.9792799999996,1613.714
1406,2407.89328,1585.8812799999998,1681.8619999999996
1407,1993.3652769999999,6503.523276999999,1135.206
1408,3249.0812799999994,4651.827276999999,1438.642
1409,2558.9672769999997,3994.7492799999995,1385.6219999999998
1410,2960.907277,4716.969277,1609.694
1411,1833.9752799999999,1699.5332799999999,1507.5199999999998
1412,3107.823277,6298.05328,1490.1799999999998
1413,2274.8372769999996,2442.42928,2005.4639999999997
1414,2061.3932769999997,4084.8392799999997,1280.62
1415,3106.3232799999996,6313.52728,1438.4699999999998
1416,2209.695277,4062.6632799999993,1717.668
1417,2980.31128,4751.619277,1192.142
1418,1709.3492769999998,4956.975277,1440.35
1419,2395.419277,4835.007277,1394.0339999999999
1420,2722.5152799999996,7143.74128,1622.162
1421,1980.7772769999997,1680.2432769999998,1599.4299999999998
1422,1408.5872769999999,3429.2612799999997,1588.0979999999997
1423,2686.365277,5609.43928,1502.1599999999999
1424,1823.0012769999998,3336.741277,1517.1159999999998
1425,2332.9352799999997,7311.447279999999,1515.1
1426,2079.4112769999997,4878.78928,1189.82
1427,2667.075277,4780.38328,1556.4459999999997
